id,file,mime,title,alt
13,2025/09/13-Protein-favicon.png,image/png,13 Protein-favicon,
14,2025/09/cropped-13-Protein-favicon.png,image/png,cropped-13-Protein-favicon.png,
16,2025/09/13-Protein-logo.png,image/png,13 Protein-logo,
17,2025/09/13-Protein-logo-bianco.png,image/png,13 Protein-logo bianco,
18,2025/09/13-Protein-logo-2.png,image/png,13 Protein-logo 2,
19,2025/09/13-Protein-logo-bianco-2.png,image/png,13 Protein-logo bianco 2,
34,2025/09/DSC00010-scaled-1.jpg,image/jpeg,DSC00010-scaled,
91,2025/09/logo-black.png,image/png,logo-black,
312,2025/09/Mockup-header.mp4,video/mp4,Mockup-header,
350,2025/09/video-slide-1.mp4,video/mp4,video-slide-1,
361,2025/09/self-omninutrition.jpg,image/jpeg,self-omninutrition,
366,2025/09/self-omninutrition-2.jpg,image/jpeg,self-omninutrition-2,
385,2025/09/2024-07-30.webp,image/webp,2024-07-30,
413,2025/09/2024-07-30-2.webp,image/webp,2024-07-30-2,
498,2025/09/vegan-protein.jpeg,image/jpeg,vegan protein,
499,2025/09/vegan-protein-500.jpeg,image/jpeg,vegan protein 500,
605,2025/09/vegan-protein-600.jpeg,image/jpeg,vegan protein 600,
795,2025/09/13pi_veganprotein_barattolo-e1764087641103.png,image/png,13pi_veganprotein_barattolo,
859,2025/09/new_13pi_carnitine_liquid-min-e1764087863986.png,image/png,new_13pi_carnitine_liquid-min,
866,2025/09/13pi_multivitamin_mockup-e1764088129695.png,image/png,13pi_multivitamin_mockup,
873,2025/09/13pi_WAFFLE-MIX-senza-min-e1764087966218.png,image/png,13pi_WAFFLE MIX-senza-min,
878,2025/09/Line.json,application/json,Line,
952,2025/09/1.png,image/png,1.,
956,2025/09/2.png,image/png,2.,
957,2025/09/3.png,image/png,3.,
1230,2025/10/Senza-titolo-1.png,image/png,Senza titolo-1,
1234,2025/10/veganprotein-2.png,image/png,veganprotein (2),
1810,2025/10/Scroll-Down-Arrows.json,application/json,Scroll Down Arrows,
1838,2025/10/Certificate-Ekologisk-Produktion.pdf,application/pdf,Certificate Ekologisk Produktion,
1841,2025/10/Certificate-SKRUV.pdf,application/pdf,Certificate SKRUV,
1843,2025/10/Certificate-Stockholm.pdf,application/pdf,Certificate Stockholm,
2039,2025/09/black-logo-on-white.svg,image/svg+xml,black logo on white,
2042,2025/09/white-logo-on-black.svg,image/svg+xml,white logo on black,
2043,2025/09/White-logo.svg,image/svg+xml,White logo,
2151,2025/11/full-color-logo.png,image/png,full-color-logo,
2209,2025/09/full-color-logo.svg,image/svg+xml,full color logo,
2285,2025/11/13.svg,image/svg+xml,13,
2297,2025/11/arrow-back-ios.svg,image/svg+xml,arrow-back-ios,
2298,2025/11/arrow-forward-ios.svg,image/svg+xml,arrow-forward-ios,
2351,2025/11/line-path-2.json,application/json,line path 2,
2421,2025/11/arrow-forward-ios-1.svg,image/svg+xml,arrow-forward-ios (1),
2431,2025/11/13pi_VitaminC_mockup.png,image/png,13pi_VitaminC_mockup,
2435,2025/11/PROTEIN-AMERICAN-PANCAKE-scaled.png,image/png,PROTEIN-AMERICAN-PANCAKE,
2457,2025/11/process_lines.json,application/json,process_lines,
2476,2025/12/13.png,image/png,13,
2506,2025/12/reshot-icon-chevron-arrow-right-circle-C23LFHP5TK.svg,image/svg+xml,reshot-icon-chevron-arrow-right-circle-C23LFHP5TK,
2525,2025/12/step-5-delivery.png,image/png,step 5 - delivery,
2530,2025/12/step-4-test.png,image/png,step 4 - test,
2576,2025/12/step-1-idea.jpg,image/jpeg,step 1 - idea,
2577,2025/12/step-3-production.jpg,image/jpeg,step 3 - production,
2578,2025/12/step-1-idea-bw.jpg,image/jpeg,step 1 - idea - bw,
2579,2025/12/step-3-production-bw.jpg,image/jpeg,step 3 - production - bw,
2580,2025/12/step-4-test-bw.png,image/png,step 4 - test - bw,
2581,2025/12/step-5-delivery-bw.png,image/png,step 5 - delivery - bw,
2585,2025/12/step-2-development.jpg,image/jpeg,step 2 development,
2595,2025/12/step-3-production-bw2.jpg,image/jpeg,step 3 - production - bw2,
2600,2025/12/step-1-idea-bw2.jpeg,image/jpeg,step 1 - idea - bw2,
2843,2025/11/13-Protein-favicon.svg,image/svg+xml,13 Protein favicon,
2850,2025/11/cropped-13-Protein-favicon.jpg,image/jpeg,cropped-13-Protein-favicon.jpg,
2851,2025/11/cropped-13.jpg,image/jpeg,cropped-13.jpg,
2885,2025/09/Vector-19.svg,image/svg+xml,Vector 19,
2890,2026/03/13Protein-head.jpg,image/jpeg,13Protein-head,
2902,2026/03/13-protein-head-overlay.jpg,image/jpeg,13-protein-head-overlay,
2924,2026/03/cta-freccia-1.svg,image/svg+xml,cta-freccia-1,
2928,2026/03/facebook.svg,image/svg+xml,facebook,
2929,2026/03/instagram.svg,image/svg+xml,instagram,
2930,2026/03/youtube.svg,image/svg+xml,youtube,
2981,2026/03/our-products-cta.jpg,image/jpeg,our-products-cta,
3056,2026/03/13-protein-project-mockup.jpg,image/jpeg,13-protein-project-mockup,
3057,2026/03/13-protein-esterno-2.jpg,image/jpeg,13-protein-esterno-2,
3058,2026/03/13-protein-esterno.jpg,image/jpeg,13-protein-esterno,
3073,2026/03/13Protein-154.png,image/png,13Protein-154,
3083,2026/03/13Protein-155.png,image/png,13Protein-155,
3096,2026/03/13Protein-156.png,image/png,13Protein-156,
3099,2026/03/13Protein-158.png,image/png,13Protein-158,
3119,2026/03/vitamin-diet-sport-nutrition-strong-man-hold-supplement-bottles-muscular-man-with-protein-supple-1.png,image/png,vitamin-diet-sport-nutrition-strong-man-hold-supplement-bottles-muscular-man-with-protein-supple 1,
3281,2026/03/dark-capsules-wooden-spoon-surrounded-by-green-leaves-dark-surface-1.png,image/png,dark-capsules-wooden-spoon-surrounded-by-green-leaves-dark-surface 1,
3285,2026/03/black-thermos-with-splashes-water-black-background-1.png,image/png,black-thermos-with-splashes-water-black-background 1,
3286,2026/03/black-thermos-with-splashes-water-black-background-1-1.png,image/png,black-thermos-with-splashes-water-black-background 1 (1),
3287,2026/03/sleek-silver-bar-wrapper-mockup-dark-background-1.png,image/png,sleek-silver-bar-wrapper-mockup-dark-background 1,
3294,2026/03/monochrome-beauty-product-skincare-1.png,image/png,monochrome-beauty-product-skincare 1,
3304,2026/03/view-male-beauty-products-with-rock-stone-display-1.jpg,image/jpeg,view-male-beauty-products-with-rock-stone-display 1,
3312,2026/03/cerchio-nero.png,image/png,cerchio-nero,
3367,2026/04/About-us-1.png,image/png,About us 1,
3378,2026/04/13Protein-207-1-1.png,image/png,13Protein-207 1 (1),
3410,2026/04/fotos-07.png,image/png,fotos-07,
3414,2026/04/fotos-cerchio-nero.png,image/png,fotos-cerchio-nero,
3448,2026/04/Vector-6.svg,image/svg+xml,Vector 6,
3489,2026/04/product-label.png,image/png,product-label,
3494,2026/04/Vector-8.svg,image/svg+xml,Vector 8,
3559,2026/04/scoop-whey-protein-sport-nutrition-1.png,image/png,scoop-whey-protein-sport-nutrition 1,
3560,2026/04/Vector-8-white.svg,image/svg+xml,Vector 8 white,
3576,2026/04/close-up-hand-holding-pipette-low-light-1.png,image/png,close-up-hand-holding-pipette-low-light 1,
3586,2026/04/13Protein-57-1.png,image/png,13Protein-57 1,
3601,2025/10/13-logo-grey-footer.png,image/png,13 logo grey footer,
3603,2025/10/Vector-8-white-2.svg,image/svg+xml,Vector 8 white 2,
3607,2025/10/logo-white.svg,image/svg+xml,logo white,
3613,2025/10/phone-icon.svg,image/svg+xml,phone icon,
3614,2025/10/email-icon.svg,image/svg+xml,email icon,
3615,2025/10/location-icon.svg,image/svg+xml,location icon,
3618,2025/10/facebook-icon-white.svg,image/svg+xml,facebook icon white,
3619,2025/10/linkedin-icon-white.svg,image/svg+xml,linkedin icon white,
3620,2025/10/instagram-icon-white.svg,image/svg+xml,instagram icon white,
3621,2025/10/youtube-icon-white.svg,image/svg+xml,youtube icon white,
3623,2025/10/trustpilot-icon.svg,image/svg+xml,trustpilot icon,
3644,2026/04/13-protein-62.png,image/png,13-protein-62,Protein production process idea
3667,2026/04/icon-process.svg,image/svg+xml,icon process,
3701,2026/04/2b40f5ea490b84d022475aba71805dc00c7ebf82.png,image/png,2b40f5ea490b84d022475aba71805dc00c7ebf82,
4110,2026/04/13Protein-development.png,image/png,13Protein-development,
4111,2026/04/13Protein-sample.png,image/png,13Protein-sample,
4112,2026/04/13Protein-production.png,image/png,13Protein-production,
4113,2026/04/13Protein-delivery.png,image/png,13Protein-delivery,
4240,2026/04/General_Conditions_White_Label_B2B_v_2026-01-01.pdf,application/pdf,General_Conditions_White_Label_B2B_v_2026-01-01,
4298,2026/04/box_stick_landing-page.jpg,image/jpeg,box_stick_landing page,
4333,2026/07/2b40f5ea490b84d022475aba71805dc00c7ebf82.jpg,image/jpeg,2b40f5ea490b84d022475aba71805dc00c7ebf82,
4334,2026/07/033a450ccc1288a3e8e2b344ded53b6614ee3601.jpg,image/jpeg,033a450ccc1288a3e8e2b344ded53b6614ee3601,
4335,2026/07/a97339bfbbd4f093dde2a0a3e9f1f849a2a07d9b.jpg,image/jpeg,a97339bfbbd4f093dde2a0a3e9f1f849a2a07d9b,
4336,2026/07/e8f2fffc1b245e349aa9935248b338a951f46d37.jpg,image/jpeg,e8f2fffc1b245e349aa9935248b338a951f46d37,
4371,2026/07/About-us-hero.jpg,image/jpeg,About us hero,
4400,2026/07/13Protein-145-2.jpg,image/jpeg,13Protein-145 2,
4407,2026/07/13Protein-154-2.jpg,image/jpeg,13Protein-154 2,
4461,2026/07/gif_home.gif,image/gif,gif_home,
4522,2025/10/Anim-13-Protein-Logo-Figma-1.gif,image/gif,Anim-13-Protein-Logo-Figma,
4548,2026/07/13Protein-169-1.jpg,image/jpeg,13Protein-169 1,
4550,2026/07/13Protein-145-2-Variante2.jpg,image/jpeg,13Protein-145 2-Variante2,
4551,2026/07/13Protein-154-2-Variante2.jpg,image/jpeg,13Protein-154 2-Variante2,
4586,2026/07/fotos-cerchio-nero.png,image/png,fotos-cerchio-nero,
4587,2026/07/13Protein-207-1-1.png,image/png,13Protein-207-1-1,
4588,2026/07/fotos-07.png,image/png,fotos-07,
4614,2026/07/view-male-beauty-products-with-rock-stone-display-1.jpg,image/jpeg,view-male-beauty-products-with-rock-stone-display-1,
4625,2026/07/monochrome-beauty-product-skincare-1.png,image/png,monochrome-beauty-product-skincare-1,
4643,2026/07/unsplash_cqbLg3lZEpk-scaled.jpg,image/jpeg,unsplash_cqbLg3lZEpk,
4644,2026/07/unsplash_g30P1zcOzXo-1-scaled.jpg,image/jpeg,unsplash_g30P1zcOzXo (1),
4645,2026/07/unsplash_s3EjzLRA4Yw.jpg,image/jpeg,unsplash_s3EjzLRA4Yw,
4646,2026/07/unsplash_xfngap_DToE.jpg,image/jpeg,unsplash_xfngap_DToE,
4647,2026/07/unsplash_YFFGkE3y4F8-scaled.jpg,image/jpeg,unsplash_YFFGkE3y4F8,
4648,2026/07/right.svg,image/svg+xml,right,
4649,2026/07/left.svg,image/svg+xml,left,
4729,2026/07/13Protein-148-8.jpg,image/jpeg,13Protein-148 8,
4731,2026/07/13Protein-148-5.png,image/png,13Protein-148 5,
4732,2026/07/unsplash_YFFGkE3y4F8-1.jpg,image/jpeg,unsplash_YFFGkE3y4F8,
4751,2026/07/13Protein-181-5.png,image/png,13Protein-181 5,
4752,2026/07/13Protein-143-5.png,image/png,13Protein-143 5,
4753,2026/07/13Protein-190-6.png,image/png,13Protein-190 6,
4758,2026/07/13Protein-143-6.jpg,image/jpeg,13Protein-143 6,
4762,2026/07/663ce9ea617531f6e05bacba4ecf1edb319d81dc.jpg,image/jpeg,663ce9ea617531f6e05bacba4ecf1edb319d81dc,
4766,2026/07/13Protein-181-7.jpg,image/jpeg,13Protein-181 7,
4767,2026/07/13Protein-190-5.jpg,image/jpeg,13Protein-190 5,
4775,2026/07/Propiedad-1Predeterminada-1.jpg,image/jpeg,Propiedad 1=Predeterminada (1),
4776,2026/07/Propiedad-1Predeterminada.jpg,image/jpeg,Propiedad 1=Predeterminada,
4777,2026/07/Propiedad-1Variante2-1.jpg,image/jpeg,Propiedad 1=Variante2 (1),
4778,2026/07/Propiedad-1Variante2.jpg,image/jpeg,Propiedad 1=Variante2,
4789,2026/07/Rectangle-2-scaled.jpg,image/jpeg,Rectangle-2,
4790,2026/07/icon-process-yellow.svg,image/svg+xml,icon-process-yellow,
4794,2026/07/a3a4c8cedd1f26bcb565051f547461cf57610a79.jpg,image/jpeg,a3a4c8cedd1f26bcb565051f547461cf57610a79,
4804,2026/07/1997.png,image/png,1997,
4808,2026/07/13Protein-25-1.png,image/png,13Protein-25 1,
4818,2026/07/13Protein-3-19.png,image/png,13Protein-3 19,
4819,2026/07/13Protein-7-5.png,image/png,13Protein-7 5,
4820,2026/07/13Protein-10-5.png,image/png,13Protein-10 5,
4821,2026/07/13Protein-20-8.png,image/png,13Protein-20 8,
4822,2026/07/13Protein-21-1.png,image/png,13Protein-21 1,
4823,2026/07/13Protein-23-1.png,image/png,13Protein-23 1,
4824,2026/07/13Protein-26-1.png,image/png,13Protein-26 1,
4825,2026/07/Gabriele-Casanovi-1.png,image/png,Gabriele Casanovi 1,
4927,2026/07/2018.png,image/png,2018,
4932,2026/07/2021.png,image/png,2021,
4940,2026/07/2023.png,image/png,2023,
4948,2026/07/today.png,image/png,today,
4968,2026/07/vision.png,image/png,vision,
5042,2026/07/13Protein-318-1.png,image/png,13Protein-318 1,
5055,2026/07/13Protein-289-1.jpg,image/jpeg,13Protein-289 1,
5098,2026/07/About-us-hero-1.jpg,image/jpeg,About-us-hero,
5310,2026/07/c943b9fbc241c88911fafdc665711be3f39b7a05.jpg,image/jpeg,c943b9fbc241c88911fafdc665711be3f39b7a05,
5311,2026/07/Propiedad-1Predeterminada-2.jpg,image/jpeg,Propiedad-1=Predeterminada,
5312,2026/07/Propiedad-1Variante2-2.jpg,image/jpeg,Propiedad-1=Variante2,
5320,2026/07/13Protein-239-1-1.png,image/png,13Protein-239 1 (1),
5321,2026/07/scoop-whey-protein-sport-nutrition-1-1.png,image/png,scoop-whey-protein-sport-nutrition 1 (1),
5322,2026/07/13Protein-216-1-1.png,image/png,13Protein-216 1 (1),
5330,2026/07/13Protein-239-1.jpg,image/jpeg,13Protein-239 1,
5337,2026/07/13Protein-197-3.jpg,image/jpeg,13Protein-197 3,
5338,2026/07/13Protein-228-2.jpg,image/jpeg,13Protein-228 2,
5342,2026/07/13Protein-104-1.jpg,image/jpeg,13Protein-104 1,
5343,2026/07/13Protein-133-3.jpg,image/jpeg,13Protein-133 3,
5344,2026/07/13Protein-184-1.jpg,image/jpeg,13Protein-184 1,
5366,2026/07/trend.svg,image/svg+xml,trend,
5367,2026/07/gear.svg,image/svg+xml,gear,
5368,2026/07/security.svg,image/svg+xml,security,
5369,2026/07/paper-pen.svg,image/svg+xml,paper-pen,
5376,2026/07/black-plastic-jar-dark-gray-background-top-view-1.jpg,image/jpeg,black-plastic-jar-dark-gray-background-top-view 1,
5430,2026/07/13Protein-213-1.jpg,image/jpeg,13Protein-213 1,
5433,2026/07/b9b0ff3146732261d337f38a0f3102765ce3d3c0-grey.jpg,image/jpeg,b9b0ff3146732261d337f38a0f3102765ce3d3c0-grey,
5434,2026/07/b9b0ff3146732261d337f38a0f3102765ce3d3c0.jpg,image/jpeg,b9b0ff3146732261d337f38a0f3102765ce3d3c0,
5447,2026/07/idea.svg,image/svg+xml,idea,
5454,2026/07/formula.svg,image/svg+xml,formula,
5455,2026/07/jar.svg,image/svg+xml,jar,
5462,2026/07/13Protein-216-1.png,image/png,13Protein-216 1,
5472,2026/07/Group-273-1.svg,image/svg+xml,Group 273 (1),
5473,2026/07/Group-273.svg,image/svg+xml,Group 273,
5474,2026/07/Group.svg,image/svg+xml,Group,
5475,2026/07/Group-348.svg,image/svg+xml,Group 348,
5482,2026/07/group.svg,image/svg+xml,group,
5497,2026/07/why_work_with_us_back-1.png,image/png,why_work_with_us_back,
5520,2026/07/magnific__talk__13405-1-scaled.jpg,image/jpeg,magnific__talk__13405 1,
5524,2026/07/monochrome-beauty-product-skincare-2-1-scaled.jpg,image/jpeg,monochrome-beauty-product-skincare-2 1,
5528,2026/07/13Protein-226-1-scaled.jpg,image/jpeg,13Protein-226 1,
5536,2026/07/13Protein-216-1-2.png,image/png,13Protein-216 1,
5540,2026/07/13Protein-216-1-3.png,image/png,13Protein-216 1,
5547,2026/07/67d56d330f3b80ad7c030ffb6849f1747df28574-grey.jpg,image/jpeg,67d56d330f3b80ad7c030ffb6849f1747df28574-grey,
5548,2026/07/67d56d330f3b80ad7c030ffb6849f1747df28574.jpg,image/jpeg,67d56d330f3b80ad7c030ffb6849f1747df28574,
5550,2026/07/09d78df39ae415e300d547e85498e31c3c185a4b.jpg,image/jpeg,09d78df39ae415e300d547e85498e31c3c185a4b,
5554,2026/07/c1968a6e499d2c345120712e846b9a19b3f98548.jpg,image/jpeg,c1968a6e499d2c345120712e846b9a19b3f98548,
5567,2026/07/389aeb5116cbce1e9648b5103a56aa3a38240c2c-grey-scaled.jpg,image/jpeg,389aeb5116cbce1e9648b5103a56aa3a38240c2c-grey,
5568,2026/07/389aeb5116cbce1e9648b5103a56aa3a38240c2c-scaled.jpg,image/jpeg,389aeb5116cbce1e9648b5103a56aa3a38240c2c,
5603,2026/07/Group-1.svg,image/svg+xml,Group (1),
5875,2026/07/Mask-group.png,image/png,Mask group,
5879,2026/07/sfondo-neutro.jpg,image/jpeg,sfondo-neutro,
5883,2026/07/sfondo.jpg,image/jpeg,sfondo,
5885,2026/07/sfondo_crop.jpg,image/jpeg,sfondo_crop,
5886,2026/07/sfondo_crop-1.jpg,image/jpeg,sfondo_crop,
5887,2026/07/Protein_02.png,image/png,Protein_02,
5888,2026/07/Protein_01.png,image/png,Protein_01,
5894,2026/07/create-your-protein.png,image/png,create-your-protein,
5907,2026/07/Group-337-scaled.jpg,image/jpeg,Group 337,
5914,2026/07/8d603e1c781e8ac867487113dcbca9cd31b2c25d.jpg,image/jpeg,8d603e1c781e8ac867487113dcbca9cd31b2c25d,
5915,2026/07/56a86ea2c021dfe407d0bb02e2d8acfdddf1347b.jpg,image/jpeg,56a86ea2c021dfe407d0bb02e2d8acfdddf1347b,
5916,2026/07/451a92041da204b8d7acf690444167ce51f63236.jpg,image/jpeg,451a92041da204b8d7acf690444167ce51f63236,
5924,2026/07/Group-348.png,image/png,Group 348,
5926,2026/07/Group-273-2.png,image/png,Group 273 (2),
5927,2026/07/Layer_1.png,image/png,Layer_1,
5928,2026/07/Layer_1-1.png,image/png,Layer_1 (1),
5929,2026/07/Group-273-1.png,image/png,Group 273 (1),
5939,2026/07/line-01.svg,image/svg+xml,line-01,
5940,2026/07/line-02.svg,image/svg+xml,line-02,
5956,2026/07/Propiedad-1Variante2-4.png,image/png,Propiedad 1=Variante2 (4),
5957,2026/07/Propiedad-1Variante2-3.png,image/png,Propiedad 1=Variante2 (3),
5958,2026/07/Propiedad-1Variante2-1.png,image/png,Propiedad 1=Variante2 (1),
5959,2026/07/Propiedad-1Variante2-5.png,image/png,Propiedad 1=Variante2 (5),
5960,2026/07/Propiedad-1Variante2-2.png,image/png,Propiedad 1=Variante2 (2),
5968,2026/07/13Protein-259.jpg-1.jpg,image/jpeg,13Protein-259.jpg 1,
5969,2026/07/create-your-product.png,image/png,create-your-product,
5970,2026/07/drink_01.png,image/png,drink_01,
5971,2026/07/drink_02.png,image/png,drink_02,
5972,2026/07/health_02.png,image/png,health_02,
5973,2026/07/helath_01.png,image/png,helath_01,
5974,2026/07/performance_01.png,image/png,performance_01,
5975,2026/07/performance_02.png,image/png,performance_02,
5976,2026/07/skincare_01.png,image/png,skincare_01,
5977,2026/07/skincare_02.png,image/png,skincare_02,
5978,2026/07/weight_02.png,image/png,weight_02,
5979,2026/07/weight-01.png,image/png,weight-01,
5980,2026/07/natural-cosmetics-with-charcoal-dark-background-1.jpg,image/jpeg,natural-cosmetics-with-charcoal-dark-background 1,
5981,2026/07/Group-337-1-scaled.jpg,image/jpeg,Group 337,
5982,2026/07/Group-337-2-scaled.jpg,image/jpeg,Group 337,
5983,2026/07/Group-337-3-scaled.jpg,image/jpeg,Group 337,
5984,2026/07/Group-337-4-scaled.jpg,image/jpeg,Group 337,
5985,2026/07/Propiedad-1Variante2-14.png,image/png,Propiedad 1=Variante2 (14),
5986,2026/07/Propiedad-1Variante2-10.png,image/png,Propiedad 1=Variante2 (10),
5987,2026/07/Propiedad-1Variante2-11.png,image/png,Propiedad 1=Variante2 (11),
5988,2026/07/Propiedad-1Variante2-7.png,image/png,Propiedad 1=Variante2 (7),
5989,2026/07/Propiedad-1Variante2-6.png,image/png,Propiedad 1=Variante2 (6),
5990,2026/07/Propiedad-1Variante2-13.png,image/png,Propiedad 1=Variante2 (13),
5991,2026/07/Propiedad-1Variante2-8.png,image/png,Propiedad 1=Variante2 (8),
5992,2026/07/Propiedad-1Variante2-12.png,image/png,Propiedad 1=Variante2 (12),
5993,2026/07/Propiedad-1Variante2-15.png,image/png,Propiedad 1=Variante2 (15),
5994,2026/07/Propiedad-1Variante2-16.png,image/png,Propiedad 1=Variante2 (16),
5995,2026/07/Vector-43.png,image/png,Vector 43,
5996,2026/07/Propiedad-1Variante2-9.png,image/png,Propiedad 1=Variante2 (9),
5997,2026/07/images-1.png,image/png,images 1,
5998,2026/07/Propiedad-1Variante2-17.png,image/png,Propiedad 1=Variante2 (17),
5999,2026/07/Group-1.png,image/png,Group (1),
6000,2026/07/Vector-44.png,image/png,Vector 44,
6001,2026/07/Vector-45.png,image/png,Vector 45,
6002,2026/07/Group.png,image/png,Group,
6003,2026/07/black-thermos-with-splashes-water-black-background-1.png,image/png,black-thermos-with-splashes-water-black-background 1,
6004,2026/07/black-thermos-with-splashes-water-black-background-11.png,image/png,black-thermos-with-splashes-water-black-background 11,
6005,2026/07/dark-capsules-wooden-spoon-surrounded-by-green-leaves-dark-surface-1.png,image/png,dark-capsules-wooden-spoon-surrounded-by-green-leaves-dark-surface 1,
6006,2026/07/protein-powder-pouring-into-shaker-cup-1.png,image/png,protein-powder-pouring-into-shaker-cup 1,
6007,2026/07/sleek-silver-bar-wrapper-mockup-dark-background-1.png,image/png,sleek-silver-bar-wrapper-mockup-dark-background 1,
6008,2026/07/vitamin-diet-sport-nutrition-strong-man-hold-supplement-bottles-muscular-man-with-protein-supple-1.png,image/png,vitamin-diet-sport-nutrition-strong-man-hold-supplement-bottles-muscular-man-with-protein-supple 1,
6012,2026/07/shot.png,image/png,shot,
6017,2026/07/Propiedad-1Variante2-18.png,image/png,Propiedad 1=Variante2 (18),
6020,2026/07/Propiedad-1Variante2-19.png,image/png,Propiedad 1=Variante2 (19),
6021,2026/07/Propiedad-1Variante2-20.png,image/png,Propiedad 1=Variante2 (20),
6023,2026/07/icono-de-esquema-plantilla-paquete-sobres-en-blanco-un-diseno-simple-328017645-1.png,image/png,icono-de-esquema-plantilla-paquete-sobres-en-blanco-un-diseño-simple-328017645 1,
6024,2026/07/stick_01.png,image/png,stick_01,
6025,2026/07/stick_02.png,image/png,stick_02,
6028,2026/07/simbolo-icono-frasco-crema-facial-fondo-blanco_268104-9222-1.png,image/png,simbolo-icono-frasco-crema-facial-fondo-blanco_268104-9222 1,
6032,2026/07/43a428e3d1a2f6fb779461237024a29b661fa5ce.jpg,image/jpeg,43a428e3d1a2f6fb779461237024a29b661fa5ce,
6037,2026/07/close-up-hand-holding-pipette-low-light-1.png,image/png,close-up-hand-holding-pipette-low-light 1,
6092,2026/07/904d5f1c6c09ec97c3226ed72590cbb52cb5b458-scaled.jpg,image/jpeg,904d5f1c6c09ec97c3226ed72590cbb52cb5b458,
6094,2026/07/monochrome-beauty-product-skincare-2-1.png,image/png,monochrome-beauty-product-skincare-2-(1),
6117,2026/07/de73dc034a297762fdc258a8867cf56902d4ae29.jpg,image/jpeg,de73dc034a297762fdc258a8867cf56902d4ae29,
6162,2026/07/6c49fead3f8e0189a69f2f37bc9d76f8ae3c3dd8.jpg,image/jpeg,6c49fead3f8e0189a69f2f37bc9d76f8ae3c3dd8,
6166,2026/07/Propiedad-1Variante2-3.jpg,image/jpeg,Propiedad 1=Variante2,
6167,2026/07/Propiedad-1Predeterminada-3.jpg,image/jpeg,Propiedad 1=Predeterminada,
6172,2026/07/Vector.svg,image/svg+xml,Vector,
6173,2026/07/Vector-1.svg,image/svg+xml,Vector (1),
6181,2026/07/d62eb0761fc1c7664607b59cc98ca2dffe3d4bd7.jpg,image/jpeg,d62eb0761fc1c7664607b59cc98ca2dffe3d4bd7,
6182,2026/07/9bff75ec71da2e2219da4a8f21db9f58d97f302f.jpg,image/jpeg,9bff75ec71da2e2219da4a8f21db9f58d97f302f,
6183,2026/07/ae24654a6da2bdbea5dab1ae7e4af463606f2290.jpg,image/jpeg,ae24654a6da2bdbea5dab1ae7e4af463606f2290,
6184,2026/07/3f21615a2a6962613cfd748212d23f0f64fde94d.jpg,image/jpeg,3f21615a2a6962613cfd748212d23f0f64fde94d,
6186,2026/07/13Protein-244-1.jpg,image/jpeg,13Protein-244 1,
6230,2026/07/Mask-group-1.png,image/png,Mask group,
6258,2026/07/Video-Teaser-Def.mp4,video/mp4,Video-Teaser-Def,
6296,2026/07/f8b0602c4dcbc14c79605317454c6c5a63784291.jpg,image/jpeg,f8b0602c4dcbc14c79605317454c6c5a63784291,
6297,2026/07/c715ec2d88cd99c71a4baca88c4fbd025f96d04d.jpg,image/jpeg,c715ec2d88cd99c71a4baca88c4fbd025f96d04d,
6298,2026/07/135ea40c732f164e41db43b8bad7477d8d71f3c5.jpg,image/jpeg,135ea40c732f164e41db43b8bad7477d8d71f3c5,
6300,2026/07/34ee9a6d021d2f78811f10fbf478cd2a99ae326e.jpg,image/jpeg,34ee9a6d021d2f78811f10fbf478cd2a99ae326e,
6304,2026/07/4791278baf276c919987c646befdf40e4ec576da.jpg,image/jpeg,4791278baf276c919987c646befdf40e4ec576da,
6317,2026/07/53c20a72b4ab1e2b2e9054f1d2035f047722039d.jpg,image/jpeg,53c20a72b4ab1e2b2e9054f1d2035f047722039d,
6342,2026/07/13Protein-74-1.jpg,image/jpeg,13Protein-74 1,
6354,2026/07/13Protein-228-1.jpg,image/jpeg,13Protein-228 1,
6397,2026/07/call-icon.svg,image/svg+xml,call-icon,
6398,2026/07/email-icon.svg,image/svg+xml,email-icon,
6399,2026/07/location-icon.svg,image/svg+xml,location-icon,
6400,2026/07/whatsapp.svg,image/svg+xml,whatsapp,
6592,2026/07/step2.svg,image/svg+xml,step2,
6593,2026/07/step3.svg,image/svg+xml,step3,
6594,2026/07/step1.svg,image/svg+xml,step1,
6633,2026/07/success-icon.svg,image/svg+xml,success-icon,
6680,2026/07/13Protein-74-2.jpg,image/jpeg,13Protein-74 2,
6684,2026/07/34ee9a6d021d2f78811f10fbf478cd2a99ae326e-1.jpg,image/jpeg,34ee9a6d021d2f78811f10fbf478cd2a99ae326e,
7167,2026/08/Group-1.svg,image/svg+xml,Group 1,
7171,2026/08/icon-slides.svg,image/svg+xml,icon slides,
7184,2026/08/cta-freccia-2.svg,image/svg+xml,cta-freccia-2,
7307,2026/08/monochrome-beauty-product-skincare-2-1.png,image/png,monochrome-beauty-product-skincare 2 (1),
7516,2026/08/private-label-home-mobile.png,image/png,private label home mobile,
7517,2026/08/private-label-home-mobile-2.png,image/png,private label home mobile 2,
7577,2026/08/Tarro-2-1.png,image/png,Tarro 2,
7646,2026/08/isolate-protein-home-e1785856368878.png,image/png,isolate protein home,
7653,2026/08/isolate-protein-home-2-e1785856561228.png,image/png,isolate protein home 2,
7762,2026/08/FSSC_22000_Food-ENG-C788833-2-20260702_SKRUV.pdf,application/pdf,FSSC_22000_Food-ENG-C788833-2-20260702_SKRUV,
7763,2026/08/FSSC_22000_Food-ENG-C783534-2-20260729-_SKOGAS.pdf,application/pdf,FSSC_22000_Food-ENG-C783534-2-20260729 _SKOGÅS,
7765,2026/08/Certifications.zip,application/zip,Certifications,
7831,2026/07/Formats-.svg,image/svg+xml,Formats &,
8110,2025/10/logo-color-scaled.png,image/png,logo-color,
8111,2025/10/logo-white.png,image/png,logo-white,
8755,2026/07/new_prova_01.jpg,image/jpeg,new_prova_01,
8756,2026/07/new_prova_02.jpg,image/jpeg,new_prova_02,
8757,2026/07/new_prova_03.jpg,image/jpeg,new_prova_03,
8758,2026/07/new_prova_04.jpg,image/jpeg,new_prova_04,
8759,2026/07/new_prova_05.jpg,image/jpeg,new_prova_05,
8920,2025/09/close.svg,image/svg+xml,close,
8922,2025/09/menu.svg,image/svg+xml,menu,
8935,2026/09/Group-1.png,image/png,Group 1,
9004,2026/09/protein-gym-1.png,image/png,protein-gym 1,
